タイムスタンプ,推奨レベル,リセットまでの時間,ロケーション,敵派閥,敵変異1,敵変異1内容,敵変異2,敵変異2内容
00:00,レベル50以上,19H,バレー・ガレリア,ブラッドイーグル,アクティブ迷彩,攻撃していない間は身を隠す,サヴェージ・ストライク(デフォルト),致命的なアーマー貫通攻撃
00:02,レベル50以上,19H,チャールストン議事堂,ブラッドイーグル,スウィフトフット,移動速度、リロード、近接攻撃のスピードが上昇する,サヴェージ・ストライク(デフォルト),致命的なアーマー貫通攻撃
00:04,レベル50以上,16H,グラスド洞窟,ブラッドイーグル,チリングメンド(ダブル),周囲を回復し、氷結攻撃,サヴェージ・ストライク(デフォルト),致命的なアーマー貫通攻撃
00:06,レベル50以上,18H,ウエストテック研究センター,スーパーミュータント,不安定,死亡時に爆発,サヴェージ・ストライク(デフォルト),致命的なアーマー貫通攻撃
00:08,レベル50以上,16H,アンキャニー洞窟,カルト教信者,不安定,死亡時に爆発,サヴェージ・ストライク(デフォルト),致命的なアーマー貫通攻撃
00:10,レベル50以上,16H,アンキャニー洞窟,カルト教信者,不安定,死亡時に爆発,サヴェージ・ストライク(デフォルト),致命的なアーマー貫通攻撃
00:12,レベル50以上,22H,Vault 94,ロボット,グループ再生,近距離でグループ化すると回復する,鋭い視線(デフォルト),Perceptionが大幅に増加する
00:14,レベル50以上,20H,燃え盛る鉱山,スーパーミュータント,弾力性,近接攻撃でのみ倒せる,鋭い視線(デフォルト),Perceptionが大幅に増加する
00:16,レベル50以上,20H,バローズ,エイリアン,ブリスタリングコールド(ダブル),素早く、氷結攻撃を繰り出す,鋭い視線(デフォルト),Perceptionが大幅に増加する
00:18,レベル50以上,20H,燃え盛る鉱山,スコーチ,冷酷無比(ダブル),周囲を回復し、近接攻撃でしか倒されない,鋭い視線(デフォルト),Perceptionが大幅に増加する
00:20,レベル50以上,20H,ワトガ・ハイスクール,モールマイナー,リフレクトスキン,定期的に直接的なダメージを相手に反射する,サヴェージ・ストライク(デフォルト),致命的なアーマー貫通攻撃
00:22,レベル50以上,20H,チャールストン議事堂,スコーチ,トキシックブラッド,死亡時にポイズンハザードを展開する,鋭い視線(デフォルト),Perceptionが大幅に増加する
00:24,レベル50以上,20H,アンキャニー洞窟,スコーチ,弾力性,近接攻撃でのみ倒せる,鋭い視線(デフォルト),Perceptionが大幅に増加する
00:26,レベル50以上,20H,バローズ,ロボット,氷の手,攻撃時に標的を遅くする,サヴェージ・ストライク(デフォルト),致命的なアーマー貫通攻撃
00:28,レベル50以上,20H,アークトス・ファーマ生態群研究所,スコーチ,アクティブ迷彩,攻撃していない間は身を隠す,鋭い視線(デフォルト),Perceptionが大幅に増加する
00:30,レベル50以上,20H,バレー・ガレリア,エイリアン,弾力性,近接攻撃でのみ倒せる,サヴェージ・ストライク(デフォルト),致命的なアーマー貫通攻撃
00:32,レベル50以上,19H,ウエストテック研究センター,共産党員,リフレクトスキン,定期的に直接的なダメージを相手に反射する,鋭い視線(デフォルト),Perceptionが大幅に増加する
00:34,レベル50以上,20H,チャールストン議事堂,スコーチ,スティングフロスト(ダブル),氷結攻撃し、倒されると毒性ハザードを残す,鋭い視線(デフォルト),Perceptionが大幅に増加する
00:36,レベル50以上,20H,Vault 94,エイリアン,チリングメンド(ダブル),周囲を回復し、氷結攻撃,サヴェージ・ストライク(デフォルト),致命的なアーマー貫通攻撃
00:38,レベル50以上,20H,ワトガ・レイダーアリーナ,スーパーミュータント,スウィフト・ストーカー(ダブル),クローク能力があり、素早い,鋭い視線(デフォルト),Perceptionが大幅に増加する
00:40,レベル50以上,18H,バレー・ガレリア,スーパーミュータント,リフレクトスキン,定期的に直接的なダメージを相手に反射する,サヴェージ・ストライク(デフォルト),致命的なアーマー貫通攻撃
00:42,レベル50以上,21H,アンキャニー洞窟,ブラッドイーグル,リフレクトスキン,定期的に直接的なダメージを相手に反射する,鋭い視線(デフォルト),Perceptionが大幅に増加する
00:44,レベル50以上,20H,バローズ,ロボット,トキシックブラッド,死亡時にポイズンハザードを展開する,鋭い視線(デフォルト),Perceptionが大幅に増加する
00:46,レベル50以上,19H,チャールストン議事堂,モールマイナー,冷酷無比(ダブル),周囲を回復し、近接攻撃でしか倒されない,サヴェージ・ストライク(デフォルト),致命的なアーマー貫通攻撃
00:48,レベル50以上,20H,ワトガ・レイダーアリーナ,ロボット,弾力性,近接攻撃でのみ倒せる,鋭い視線(デフォルト),Perceptionが大幅に増加する
00:50,レベル50以上,20H,ワトガ・レイダーアリーナ,共産党員,アクティブ迷彩,攻撃していない間は身を隠す,鋭い視線(デフォルト),Perceptionが大幅に増加する
00:52,レベル50以上,20H,ガラハン鉱業本社,モールマイナー,氷の手,攻撃時に標的を遅くする,鋭い視線(デフォルト),Perceptionが大幅に増加する
00:54,レベル50以上,19H,Vault 96,ブラッドイーグル,グループ再生,近距離でグループ化すると回復する,鋭い視線(デフォルト),Perceptionが大幅に増加する
00:56,レベル50以上,20H,アンキャニー洞窟,エイリアン,ブリスタリングコールド(ダブル),素早く、氷結攻撃を繰り出す,サヴェージ・ストライク(デフォルト),致命的なアーマー貫通攻撃
00:58,レベル50以上,18H,Vault 94,カルト教信者,蒸気性(ダブル),クローク能力があり、死亡時に爆発,鋭い視線(デフォルト),Perceptionが大幅に増加する
01:00,レベル50以上,20H,アークトス・ファーマ生態群研究所,スーパーミュータント,毒雲(ダブル),クローク能力があり、倒されると毒性ハザードを残す,鋭い視線(デフォルト),Perceptionが大幅に増加する
01:02,レベル50以上,20H,アークトス・ファーマ生態群研究所,スーパーミュータント,毒雲(ダブル),クローク能力があり、倒されると毒性ハザードを残す,鋭い視線(デフォルト),Perceptionが大幅に増加する
01:04,レベル50以上,20H,アークトス・ファーマ生態群研究所,スーパーミュータント,毒雲(ダブル),クローク能力があり、倒されると毒性ハザードを残す,鋭い視線(デフォルト),Perceptionが大幅に増加する
01:06,レベル50以上,20H,アークトス・ファーマ生態群研究所,スーパーミュータント,毒雲(ダブル),クローク能力があり、倒されると毒性ハザードを残す,鋭い視線(デフォルト),Perceptionが大幅に増加する
01:08,レベル50以上,20H,アークトス・ファーマ生態群研究所,スーパーミュータント,毒雲(ダブル),クローク能力があり、倒されると毒性ハザードを残す,鋭い視線(デフォルト),Perceptionが大幅に増加する
01:10,レベル50以上,20H,アークトス・ファーマ生態群研究所,スーパーミュータント,毒雲(ダブル),クローク能力があり、倒されると毒性ハザードを残す,鋭い視線(デフォルト),Perceptionが大幅に増加する
01:12,レベル50以上,20H,アークトス・ファーマ生態群研究所,スーパーミュータント,毒雲(ダブル),クローク能力があり、倒されると毒性ハザードを残す,鋭い視線(デフォルト),Perceptionが大幅に増加する
01:14,レベル50以上,20H,アークトス・ファーマ生態群研究所,スーパーミュータント,毒雲(ダブル),クローク能力があり、倒されると毒性ハザードを残す,鋭い視線(デフォルト),Perceptionが大幅に増加する
01:16,レベル50以上,20H,アークトス・ファーマ生態群研究所,スーパーミュータント,毒雲(ダブル),クローク能力があり、倒されると毒性ハザードを残す,鋭い視線(デフォルト),Perceptionが大幅に増加する
01:18,レベル50以上,20H,アークトス・ファーマ生態群研究所,スーパーミュータント,毒雲(ダブル),クローク能力があり、倒されると毒性ハザードを残す,鋭い視線(デフォルト),Perceptionが大幅に増加する
01:20,レベル50以上,20H,アークトス・ファーマ生態群研究所,スーパーミュータント,毒雲(ダブル),クローク能力があり、倒されると毒性ハザードを残す,鋭い視線(デフォルト),Perceptionが大幅に増加する
01:22,レベル50以上,20H,アークトス・ファーマ生態群研究所,スーパーミュータント,毒雲(ダブル),クローク能力があり、倒されると毒性ハザードを残す,鋭い視線(デフォルト),Perceptionが大幅に増加する
01:24,レベル50以上,20H,アークトス・ファーマ生態群研究所,スーパーミュータント,毒雲(ダブル),クローク能力があり、倒されると毒性ハザードを残す,鋭い視線(デフォルト),Perceptionが大幅に増加する
01:26,レベル50以上,20H,アークトス・ファーマ生態群研究所,スーパーミュータント,毒雲(ダブル),クローク能力があり、倒されると毒性ハザードを残す,鋭い視線(デフォルト),Perceptionが大幅に増加する
01:28,レベル50以上,20H,アークトス・ファーマ生態群研究所,スーパーミュータント,毒雲(ダブル),クローク能力があり、倒されると毒性ハザードを残す,鋭い視線(デフォルト),Perceptionが大幅に増加する
01:30,レベル50以上,20H,アークトス・ファーマ生態群研究所,スーパーミュータント,毒雲(ダブル),クローク能力があり、倒されると毒性ハザードを残す,鋭い視線(デフォルト),Perceptionが大幅に増加する
01:32,レベル50以上,20H,アークトス・ファーマ生態群研究所,スーパーミュータント,毒雲(ダブル),クローク能力があり、倒されると毒性ハザードを残す,鋭い視線(デフォルト),Perceptionが大幅に増加する
01:34,レベル50以上,20H,アークトス・ファーマ生態群研究所,スーパーミュータント,毒雲(ダブル),クローク能力があり、倒されると毒性ハザードを残す,鋭い視線(デフォルト),Perceptionが大幅に増加する
01:36,レベル50以上,20H,アークトス・ファーマ生態群研究所,スーパーミュータント,毒雲(ダブル),クローク能力があり、倒されると毒性ハザードを残す,鋭い視線(デフォルト),Perceptionが大幅に増加する
01:38,レベル50以上,20H,アークトス・ファーマ生態群研究所,スーパーミュータント,毒雲(ダブル),クローク能力があり、倒されると毒性ハザードを残す,鋭い視線(デフォルト),Perceptionが大幅に増加する
01:40,レベル50以上,20H,アークトス・ファーマ生態群研究所,スーパーミュータント,毒雲(ダブル),クローク能力があり、倒されると毒性ハザードを残す,鋭い視線(デフォルト),Perceptionが大幅に増加する
01:42,レベル50以上,20H,アークトス・ファーマ生態群研究所,スーパーミュータント,毒雲(ダブル),クローク能力があり、倒されると毒性ハザードを残す,鋭い視線(デフォルト),Perceptionが大幅に増加する
01:44,レベル50以上,20H,アークトス・ファーマ生態群研究所,スーパーミュータント,毒雲(ダブル),クローク能力があり、倒されると毒性ハザードを残す,鋭い視線(デフォルト),Perceptionが大幅に増加する
01:46,レベル50以上,20H,アークトス・ファーマ生態群研究所,スーパーミュータント,毒雲(ダブル),クローク能力があり、倒されると毒性ハザードを残す,鋭い視線(デフォルト),Perceptionが大幅に増加する
01:48,レベル50以上,20H,アークトス・ファーマ生態群研究所,スーパーミュータント,毒雲(ダブル),クローク能力があり、倒されると毒性ハザードを残す,鋭い視線(デフォルト),Perceptionが大幅に増加する
01:50,レベル50以上,20H,アークトス・ファーマ生態群研究所,スーパーミュータント,毒雲(ダブル),クローク能力があり、倒されると毒性ハザードを残す,鋭い視線(デフォルト),Perceptionが大幅に増加する
01:52,レベル50以上,20H,アークトス・ファーマ生態群研究所,スーパーミュータント,毒雲(ダブル),クローク能力があり、倒されると毒性ハザードを残す,鋭い視線(デフォルト),Perceptionが大幅に増加する
01:54,レベル50以上,20H,アークトス・ファーマ生態群研究所,スーパーミュータント,毒雲(ダブル),クローク能力があり、倒されると毒性ハザードを残す,鋭い視線(デフォルト),Perceptionが大幅に増加する
01:56,レベル50以上,20H,アークトス・ファーマ生態群研究所,スーパーミュータント,毒雲(ダブル),クローク能力があり、倒されると毒性ハザードを残す,鋭い視線(デフォルト),Perceptionが大幅に増加する
01:58,レベル50以上,20H,アークトス・ファーマ生態群研究所,スーパーミュータント,毒雲(ダブル),クローク能力があり、倒されると毒性ハザードを残す,鋭い視線(デフォルト),Perceptionが大幅に増加する
02:00,レベル50以上,20H,アークトス・ファーマ生態群研究所,スーパーミュータント,毒雲(ダブル),クローク能力があり、倒されると毒性ハザードを残す,鋭い視線(デフォルト),Perceptionが大幅に増加する
02:02,レベル50以上,20H,アークトス・ファーマ生態群研究所,スーパーミュータント,毒雲(ダブル),クローク能力があり、倒されると毒性ハザードを残す,鋭い視線(デフォルト),Perceptionが大幅に増加する
02:04,レベル50以上,20H,アークトス・ファーマ生態群研究所,スーパーミュータント,毒雲(ダブル),クローク能力があり、倒されると毒性ハザードを残す,鋭い視線(デフォルト),Perceptionが大幅に増加する
02:06,レベル50以上,20H,アークトス・ファーマ生態群研究所,スーパーミュータント,毒雲(ダブル),クローク能力があり、倒されると毒性ハザードを残す,鋭い視線(デフォルト),Perceptionが大幅に増加する
02:08,レベル50以上,20H,アークトス・ファーマ生態群研究所,スーパーミュータント,毒雲(ダブル),クローク能力があり、倒されると毒性ハザードを残す,鋭い視線(デフォルト),Perceptionが大幅に増加する
02:10,レベル50以上,20H,アークトス・ファーマ生態群研究所,スーパーミュータント,毒雲(ダブル),クローク能力があり、倒されると毒性ハザードを残す,鋭い視線(デフォルト),Perceptionが大幅に増加する
02:12,レベル50以上,20H,アークトス・ファーマ生態群研究所,スーパーミュータント,毒雲(ダブル),クローク能力があり、倒されると毒性ハザードを残す,鋭い視線(デフォルト),Perceptionが大幅に増加する
02:14,レベル50以上,20H,アークトス・ファーマ生態群研究所,スーパーミュータント,毒雲(ダブル),クローク能力があり、倒されると毒性ハザードを残す,鋭い視線(デフォルト),Perceptionが大幅に増加する
02:16,レベル50以上,20H,アークトス・ファーマ生態群研究所,スーパーミュータント,毒雲(ダブル),クローク能力があり、倒されると毒性ハザードを残す,鋭い視線(デフォルト),Perceptionが大幅に増加する
02:18,レベル50以上,20H,アークトス・ファーマ生態群研究所,スーパーミュータント,毒雲(ダブル),クローク能力があり、倒されると毒性ハザードを残す,鋭い視線(デフォルト),Perceptionが大幅に増加する
02:20,レベル50以上,20H,アークトス・ファーマ生態群研究所,スーパーミュータント,毒雲(ダブル),クローク能力があり、倒されると毒性ハザードを残す,鋭い視線(デフォルト),Perceptionが大幅に増加する
02:22,レベル50以上,20H,アークトス・ファーマ生態群研究所,スーパーミュータント,毒雲(ダブル),クローク能力があり、倒されると毒性ハザードを残す,鋭い視線(デフォルト),Perceptionが大幅に増加する
02:24,レベル50以上,20H,アークトス・ファーマ生態群研究所,スーパーミュータント,毒雲(ダブル),クローク能力があり、倒されると毒性ハザードを残す,鋭い視線(デフォルト),Perceptionが大幅に増加する
02:26,レベル50以上,20H,アークトス・ファーマ生態群研究所,スーパーミュータント,毒雲(ダブル),クローク能力があり、倒されると毒性ハザードを残す,鋭い視線(デフォルト),Perceptionが大幅に増加する
02:28,レベル50以上,20H,アークトス・ファーマ生態群研究所,スーパーミュータント,毒雲(ダブル),クローク能力があり、倒されると毒性ハザードを残す,鋭い視線(デフォルト),Perceptionが大幅に増加する
02:30,レベル50以上,20H,アークトス・ファーマ生態群研究所,スーパーミュータント,毒雲(ダブル),クローク能力があり、倒されると毒性ハザードを残す,鋭い視線(デフォルト),Perceptionが大幅に増加する
02:32,レベル50以上,20H,アークトス・ファーマ生態群研究所,スーパーミュータント,毒雲(ダブル),クローク能力があり、倒されると毒性ハザードを残す,鋭い視線(デフォルト),Perceptionが大幅に増加する
02:34,レベル50以上,20H,アークトス・ファーマ生態群研究所,スーパーミュータント,毒雲(ダブル),クローク能力があり、倒されると毒性ハザードを残す,鋭い視線(デフォルト),Perceptionが大幅に増加する
02:36,レベル50以上,20H,アークトス・ファーマ生態群研究所,スーパーミュータント,毒雲(ダブル),クローク能力があり、倒されると毒性ハザードを残す,鋭い視線(デフォルト),Perceptionが大幅に増加する
02:38,レベル50以上,20H,アークトス・ファーマ生態群研究所,スーパーミュータント,毒雲(ダブル),クローク能力があり、倒されると毒性ハザードを残す,鋭い視線(デフォルト),Perceptionが大幅に増加する
02:40,レベル50以上,20H,アークトス・ファーマ生態群研究所,スーパーミュータント,毒雲(ダブル),クローク能力があり、倒されると毒性ハザードを残す,鋭い視線(デフォルト),Perceptionが大幅に増加する
02:42,レベル50以上,20H,アークトス・ファーマ生態群研究所,スーパーミュータント,毒雲(ダブル),クローク能力があり、倒されると毒性ハザードを残す,鋭い視線(デフォルト),Perceptionが大幅に増加する
02:44,レベル50以上,20H,アークトス・ファーマ生態群研究所,スーパーミュータント,毒雲(ダブル),クローク能力があり、倒されると毒性ハザードを残す,鋭い視線(デフォルト),Perceptionが大幅に増加する
02:46,レベル50以上,20H,アークトス・ファーマ生態群研究所,スーパーミュータント,毒雲(ダブル),クローク能力があり、倒されると毒性ハザードを残す,鋭い視線(デフォルト),Perceptionが大幅に増加する
02:48,レベル50以上,20H,アークトス・ファーマ生態群研究所,スーパーミュータント,毒雲(ダブル),クローク能力があり、倒されると毒性ハザードを残す,鋭い視線(デフォルト),Perceptionが大幅に増加する
02:50,レベル50以上,20H,アークトス・ファーマ生態群研究所,スーパーミュータント,毒雲(ダブル),クローク能力があり、倒されると毒性ハザードを残す,鋭い視線(デフォルト),Perceptionが大幅に増加する
02:52,レベル50以上,20H,アークトス・ファーマ生態群研究所,スーパーミュータント,毒雲(ダブル),クローク能力があり、倒されると毒性ハザードを残す,鋭い視線(デフォルト),Perceptionが大幅に増加する
02:54,レベル50以上,20H,アークトス・ファーマ生態群研究所,スーパーミュータント,毒雲(ダブル),クローク能力があり、倒されると毒性ハザードを残す,鋭い視線(デフォルト),Perceptionが大幅に増加する
02:56,レベル50以上,20H,アークトス・ファーマ生態群研究所,スーパーミュータント,毒雲(ダブル),クローク能力があり、倒されると毒性ハザードを残す,鋭い視線(デフォルト),Perceptionが大幅に増加する
02:58,レベル50以上,20H,アークトス・ファーマ生態群研究所,スーパーミュータント,毒雲(ダブル),クローク能力があり、倒されると毒性ハザードを残す,鋭い視線(デフォルト),Perceptionが大幅に増加する
03:00,レベル50以上,20H,アークトス・ファーマ生態群研究所,スーパーミュータント,毒雲(ダブル),クローク能力があり、倒されると毒性ハザードを残す,鋭い視線(デフォルト),Perceptionが大幅に増加する
03:02,レベル50以上,20H,アークトス・ファーマ生態群研究所,スーパーミュータント,毒雲(ダブル),クローク能力があり、倒されると毒性ハザードを残す,鋭い視線(デフォルト),Perceptionが大幅に増加する
03:04,レベル50以上,20H,アークトス・ファーマ生態群研究所,スーパーミュータント,毒雲(ダブル),クローク能力があり、倒されると毒性ハザードを残す,鋭い視線(デフォルト),Perceptionが大幅に増加する
03:06,レベル50以上,20H,アークトス・ファーマ生態群研究所,スーパーミュータント,毒雲(ダブル),クローク能力があり、倒されると毒性ハザードを残す,鋭い視線(デフォルト),Perceptionが大幅に増加する
03:08,レベル50以上,20H,アークトス・ファーマ生態群研究所,スーパーミュータント,毒雲(ダブル),クローク能力があり、倒されると毒性ハザードを残す,鋭い視線(デフォルト),Perceptionが大幅に増加する
03:10,レベル50以上,20H,アークトス・ファーマ生態群研究所,スーパーミュータント,毒雲(ダブル),クローク能力があり、倒されると毒性ハザードを残す,鋭い視線(デフォルト),Perceptionが大幅に増加する
03:12,レベル50以上,20H,アークトス・ファーマ生態群研究所,スーパーミュータント,毒雲(ダブル),クローク能力があり、倒されると毒性ハザードを残す,鋭い視線(デフォルト),Perceptionが大幅に増加する
03:14,レベル50以上,20H,アークトス・ファーマ生態群研究所,スーパーミュータント,毒雲(ダブル),クローク能力があり、倒されると毒性ハザードを残す,鋭い視線(デフォルト),Perceptionが大幅に増加する
03:16,レベル50以上,20H,アークトス・ファーマ生態群研究所,スーパーミュータント,毒雲(ダブル),クローク能力があり、倒されると毒性ハザードを残す,鋭い視線(デフォルト),Perceptionが大幅に増加する
03:18,レベル50以上,20H,アークトス・ファーマ生態群研究所,スーパーミュータント,毒雲(ダブル),クローク能力があり、倒されると毒性ハザードを残す,鋭い視線(デフォルト),Perceptionが大幅に増加する
03:20,レベル50以上,20H,アークトス・ファーマ生態群研究所,スーパーミュータント,毒雲(ダブル),クローク能力があり、倒されると毒性ハザードを残す,鋭い視線(デフォルト),Perceptionが大幅に増加する
03:22,レベル50以上,20H,アークトス・ファーマ生態群研究所,スーパーミュータント,毒雲(ダブル),クローク能力があり、倒されると毒性ハザードを残す,鋭い視線(デフォルト),Perceptionが大幅に増加する
03:24,レベル50以上,20H,アークトス・ファーマ生態群研究所,スーパーミュータント,毒雲(ダブル),クローク能力があり、倒されると毒性ハザードを残す,鋭い視線(デフォルト),Perceptionが大幅に増加する
03:26,レベル50以上,20H,アークトス・ファーマ生態群研究所,スーパーミュータント,毒雲(ダブル),クローク能力があり、倒されると毒性ハザードを残す,鋭い視線(デフォルト),Perceptionが大幅に増加する
03:28,レベル50以上,20H,アークトス・ファーマ生態群研究所,スーパーミュータント,毒雲(ダブル),クローク能力があり、倒されると毒性ハザードを残す,鋭い視線(デフォルト),Perceptionが大幅に増加する
03:30,レベル50以上,20H,アークトス・ファーマ生態群研究所,スーパーミュータント,毒雲(ダブル),クローク能力があり、倒されると毒性ハザードを残す,鋭い視線(デフォルト),Perceptionが大幅に増加する
03:32,レベル50以上,20H,アークトス・ファーマ生態群研究所,スーパーミュータント,毒雲(ダブル),クローク能力があり、倒されると毒性ハザードを残す,鋭い視線(デフォルト),Perceptionが大幅に増加する
03:34,レベル50以上,20H,アークトス・ファーマ生態群研究所,スーパーミュータント,毒雲(ダブル),クローク能力があり、倒されると毒性ハザードを残す,鋭い視線(デフォルト),Perceptionが大幅に増加する
03:36,レベル50以上,20H,アークトス・ファーマ生態群研究所,スーパーミュータント,毒雲(ダブル),クローク能力があり、倒されると毒性ハザードを残す,鋭い視線(デフォルト),Perceptionが大幅に増加する
03:38,レベル50以上,20H,アークトス・ファーマ生態群研究所,スーパーミュータント,毒雲(ダブル),クローク能力があり、倒されると毒性ハザードを残す,鋭い視線(デフォルト),Perceptionが大幅に増加する
03:40,レベル50以上,20H,アークトス・ファーマ生態群研究所,スーパーミュータント,毒雲(ダブル),クローク能力があり、倒されると毒性ハザードを残す,鋭い視線(デフォルト),Perceptionが大幅に増加する
03:42,レベル50以上,20H,アークトス・ファーマ生態群研究所,スーパーミュータント,毒雲(ダブル),クローク能力があり、倒されると毒性ハザードを残す,鋭い視線(デフォルト),Perceptionが大幅に増加する
03:44,レベル50以上,20H,アークトス・ファーマ生態群研究所,スーパーミュータント,毒雲(ダブル),クローク能力があり、倒されると毒性ハザードを残す,鋭い視線(デフォルト),Perceptionが大幅に増加する
03:46,レベル50以上,20H,アークトス・ファーマ生態群研究所,スーパーミュータント,毒雲(ダブル),クローク能力があり、倒されると毒性ハザードを残す,鋭い視線(デフォルト),Perceptionが大幅に増加する
03:48,レベル50以上,20H,アークトス・ファーマ生態群研究所,スーパーミュータント,毒雲(ダブル),クローク能力があり、倒されると毒性ハザードを残す,鋭い視線(デフォルト),Perceptionが大幅に増加する
03:50,レベル50以上,20H,アークトス・ファーマ生態群研究所,スーパーミュータント,毒雲(ダブル),クローク能力があり、倒されると毒性ハザードを残す,鋭い視線(デフォルト),Perceptionが大幅に増加する
03:52,レベル50以上,20H,アークトス・ファーマ生態群研究所,スーパーミュータント,毒雲(ダブル),クローク能力があり、倒されると毒性ハザードを残す,鋭い視線(デフォルト),Perceptionが大幅に増加する
03:54,レベル50以上,20H,アークトス・ファーマ生態群研究所,スーパーミュータント,毒雲(ダブル),クローク能力があり、倒されると毒性ハザードを残す,鋭い視線(デフォルト),Perceptionが大幅に増加する
03:56,レベル50以上,20H,アークトス・ファーマ生態群研究所,スーパーミュータント,毒雲(ダブル),クローク能力があり、倒されると毒性ハザードを残す,鋭い視線(デフォルト),Perceptionが大幅に増加する
03:58,レベル50以上,20H,アークトス・ファーマ生態群研究所,スーパーミュータント,毒雲(ダブル),クローク能力があり、倒されると毒性ハザードを残す,鋭い視線(デフォルト),Perceptionが大幅に増加する
04:00,レベル50以上,20H,アークトス・ファーマ生態群研究所,スーパーミュータント,毒雲(ダブル),クローク能力があり、倒されると毒性ハザードを残す,鋭い視線(デフォルト),Perceptionが大幅に増加する
04:02,レベル50以上,20H,アークトス・ファーマ生態群研究所,スーパーミュータント,毒雲(ダブル),クローク能力があり、倒されると毒性ハザードを残す,鋭い視線(デフォルト),Perceptionが大幅に増加する
04:04,レベル50以上,20H,アークトス・ファーマ生態群研究所,スーパーミュータント,毒雲(ダブル),クローク能力があり、倒されると毒性ハザードを残す,鋭い視線(デフォルト),Perceptionが大幅に増加する
04:06,レベル50以上,20H,アークトス・ファーマ生態群研究所,スーパーミュータント,毒雲(ダブル),クローク能力があり、倒されると毒性ハザードを残す,鋭い視線(デフォルト),Perceptionが大幅に増加する
04:08,レベル50以上,20H,アークトス・ファーマ生態群研究所,スーパーミュータント,毒雲(ダブル),クローク能力があり、倒されると毒性ハザードを残す,鋭い視線(デフォルト),Perceptionが大幅に増加する
04:10,レベル50以上,20H,アークトス・ファーマ生態群研究所,スーパーミュータント,毒雲(ダブル),クローク能力があり、倒されると毒性ハザードを残す,鋭い視線(デフォルト),Perceptionが大幅に増加する
04:12,レベル50以上,20H,アークトス・ファーマ生態群研究所,スーパーミュータント,毒雲(ダブル),クローク能力があり、倒されると毒性ハザードを残す,鋭い視線(デフォルト),Perceptionが大幅に増加する
04:14,レベル50以上,20H,アークトス・ファーマ生態群研究所,スーパーミュータント,毒雲(ダブル),クローク能力があり、倒されると毒性ハザードを残す,鋭い視線(デフォルト),Perceptionが大幅に増加する
04:16,レベル50以上,20H,アークトス・ファーマ生態群研究所,スーパーミュータント,毒雲(ダブル),クローク能力があり、倒されると毒性ハザードを残す,鋭い視線(デフォルト),Perceptionが大幅に増加する
04:18,レベル50以上,20H,アークトス・ファーマ生態群研究所,スーパーミュータント,毒雲(ダブル),クローク能力があり、倒されると毒性ハザードを残す,鋭い視線(デフォルト),Perceptionが大幅に増加する
04:20,レベル50以上,20H,アークトス・ファーマ生態群研究所,スーパーミュータント,毒雲(ダブル),クローク能力があり、倒されると毒性ハザードを残す,鋭い視線(デフォルト),Perceptionが大幅に増加する
04:22,レベル50以上,20H,アークトス・ファーマ生態群研究所,スーパーミュータント,毒雲(ダブル),クローク能力があり、倒されると毒性ハザードを残す,鋭い視線(デフォルト),Perceptionが大幅に増加する
04:24,レベル50以上,20H,アークトス・ファーマ生態群研究所,スーパーミュータント,毒雲(ダブル),クローク能力があり、倒されると毒性ハザードを残す,鋭い視線(デフォルト),Perceptionが大幅に増加する
04:26,レベル50以上,20H,アークトス・ファーマ生態群研究所,スーパーミュータント,毒雲(ダブル),クローク能力があり、倒されると毒性ハザードを残す,鋭い視線(デフォルト),Perceptionが大幅に増加する
04:28,レベル50以上,20H,アークトス・ファーマ生態群研究所,スーパーミュータント,毒雲(ダブル),クローク能力があり、倒されると毒性ハザードを残す,鋭い視線(デフォルト),Perceptionが大幅に増加する
04:30,レベル50以上,20H,アークトス・ファーマ生態群研究所,スーパーミュータント,毒雲(ダブル),クローク能力があり、倒されると毒性ハザードを残す,鋭い視線(デフォルト),Perceptionが大幅に増加する
04:32,レベル50以上,20H,アークトス・ファーマ生態群研究所,スーパーミュータント,毒雲(ダブル),クローク能力があり、倒されると毒性ハザードを残す,鋭い視線(デフォルト),Perceptionが大幅に増加する
04:34,レベル50以上,20H,アークトス・ファーマ生態群研究所,スーパーミュータント,毒雲(ダブル),クローク能力があり、倒されると毒性ハザードを残す,鋭い視線(デフォルト),Perceptionが大幅に増加する
04:36,レベル50以上,20H,アークトス・ファーマ生態群研究所,スーパーミュータント,毒雲(ダブル),クローク能力があり、倒されると毒性ハザードを残す,鋭い視線(デフォルト),Perceptionが大幅に増加する
04:38,レベル50以上,20H,アークトス・ファーマ生態群研究所,スーパーミュータント,毒雲(ダブル),クローク能力があり、倒されると毒性ハザードを残す,鋭い視線(デフォルト),Perceptionが大幅に増加する
04:40,レベル50以上,20H,アークトス・ファーマ生態群研究所,スーパーミュータント,毒雲(ダブル),クローク能力があり、倒されると毒性ハザードを残す,鋭い視線(デフォルト),Perceptionが大幅に増加する
04:42,レベル50以上,20H,アークトス・ファーマ生態群研究所,スーパーミュータント,毒雲(ダブル),クローク能力があり、倒されると毒性ハザードを残す,鋭い視線(デフォルト),Perceptionが大幅に増加する
04:44,レベル50以上,20H,アークトス・ファーマ生態群研究所,スーパーミュータント,毒雲(ダブル),クローク能力があり、倒されると毒性ハザードを残す,鋭い視線(デフォルト),Perceptionが大幅に増加する
04:46,レベル50以上,20H,アークトス・ファーマ生態群研究所,スーパーミュータント,毒雲(ダブル),クローク能力があり、倒されると毒性ハザードを残す,鋭い視線(デフォルト),Perceptionが大幅に増加する
04:48,レベル50以上,20H,アークトス・ファーマ生態群研究所,スーパーミュータント,毒雲(ダブル),クローク能力があり、倒されると毒性ハザードを残す,鋭い視線(デフォルト),Perceptionが大幅に増加する
04:50,レベル50以上,20H,アークトス・ファーマ生態群研究所,スーパーミュータント,毒雲(ダブル),クローク能力があり、倒されると毒性ハザードを残す,鋭い視線(デフォルト),Perceptionが大幅に増加する
04:52,レベル50以上,20H,アークトス・ファーマ生態群研究所,スーパーミュータント,毒雲(ダブル),クローク能力があり、倒されると毒性ハザードを残す,鋭い視線(デフォルト),Perceptionが大幅に増加する
04:54,レベル50以上,20H,アークトス・ファーマ生態群研究所,スーパーミュータント,毒雲(ダブル),クローク能力があり、倒されると毒性ハザードを残す,鋭い視線(デフォルト),Perceptionが大幅に増加する
04:56,レベル50以上,20H,アークトス・ファーマ生態群研究所,スーパーミュータント,毒雲(ダブル),クローク能力があり、倒されると毒性ハザードを残す,鋭い視線(デフォルト),Perceptionが大幅に増加する
04:58,レベル50以上,20H,アークトス・ファーマ生態群研究所,スーパーミュータント,毒雲(ダブル),クローク能力があり、倒されると毒性ハザードを残す,鋭い視線(デフォルト),Perceptionが大幅に増加する
05:00,レベル50以上,20H,アークトス・ファーマ生態群研究所,スーパーミュータント,毒雲(ダブル),クローク能力があり、倒されると毒性ハザードを残す,鋭い視線(デフォルト),Perceptionが大幅に増加する
05:02,レベル50以上,20H,アークトス・ファーマ生態群研究所,スーパーミュータント,毒雲(ダブル),クローク能力があり、倒されると毒性ハザードを残す,鋭い視線(デフォルト),Perceptionが大幅に増加する
05:04,レベル50以上,20H,アークトス・ファーマ生態群研究所,スーパーミュータント,毒雲(ダブル),クローク能力があり、倒されると毒性ハザードを残す,鋭い視線(デフォルト),Perceptionが大幅に増加する
05:06,レベル50以上,20H,アークトス・ファーマ生態群研究所,スーパーミュータント,毒雲(ダブル),クローク能力があり、倒されると毒性ハザードを残す,鋭い視線(デフォルト),Perceptionが大幅に増加する
05:08,レベル50以上,20H,アークトス・ファーマ生態群研究所,スーパーミュータント,毒雲(ダブル),クローク能力があり、倒されると毒性ハザードを残す,鋭い視線(デフォルト),Perceptionが大幅に増加する
05:10,レベル50以上,20H,アークトス・ファーマ生態群研究所,スーパーミュータント,毒雲(ダブル),クローク能力があり、倒されると毒性ハザードを残す,鋭い視線(デフォルト),Perceptionが大幅に増加する
05:12,レベル50以上,20H,アークトス・ファーマ生態群研究所,スーパーミュータント,毒雲(ダブル),クローク能力があり、倒されると毒性ハザードを残す,鋭い視線(デフォルト),Perceptionが大幅に増加する
05:14,レベル50以上,20H,アークトス・ファーマ生態群研究所,スーパーミュータント,毒雲(ダブル),クローク能力があり、倒されると毒性ハザードを残す,鋭い視線(デフォルト),Perceptionが大幅に増加する
05:16,レベル50以上,20H,アークトス・ファーマ生態群研究所,スーパーミュータント,毒雲(ダブル),クローク能力があり、倒されると毒性ハザードを残す,鋭い視線(デフォルト),Perceptionが大幅に増加する
05:18,レベル50以上,20H,アークトス・ファーマ生態群研究所,スーパーミュータント,毒雲(ダブル),クローク能力があり、倒されると毒性ハザードを残す,鋭い視線(デフォルト),Perceptionが大幅に増加する
05:20,レベル50以上,20H,アークトス・ファーマ生態群研究所,スーパーミュータント,毒雲(ダブル),クローク能力があり、倒されると毒性ハザードを残す,鋭い視線(デフォルト),Perceptionが大幅に増加する
05:22,レベル50以上,20H,アークトス・ファーマ生態群研究所,スーパーミュータント,毒雲(ダブル),クローク能力があり、倒されると毒性ハザードを残す,鋭い視線(デフォルト),Perceptionが大幅に増加する
05:24,レベル50以上,20H,アークトス・ファーマ生態群研究所,スーパーミュータント,毒雲(ダブル),クローク能力があり、倒されると毒性ハザードを残す,鋭い視線(デフォルト),Perceptionが大幅に増加する
05:26,レベル50以上,20H,アークトス・ファーマ生態群研究所,スーパーミュータント,毒雲(ダブル),クローク能力があり、倒されると毒性ハザードを残す,鋭い視線(デフォルト),Perceptionが大幅に増加する
05:28,レベル50以上,20H,アークトス・ファーマ生態群研究所,スーパーミュータント,毒雲(ダブル),クローク能力があり、倒されると毒性ハザードを残す,鋭い視線(デフォルト),Perceptionが大幅に増加する
05:30,レベル50以上,20H,アークトス・ファーマ生態群研究所,スーパーミュータント,毒雲(ダブル),クローク能力があり、倒されると毒性ハザードを残す,鋭い視線(デフォルト),Perceptionが大幅に増加する
05:32,レベル50以上,20H,アークトス・ファーマ生態群研究所,スーパーミュータント,毒雲(ダブル),クローク能力があり、倒されると毒性ハザードを残す,鋭い視線(デフォルト),Perceptionが大幅に増加する
05:34,レベル50以上,20H,アークトス・ファーマ生態群研究所,スーパーミュータント,毒雲(ダブル),クローク能力があり、倒されると毒性ハザードを残す,鋭い視線(デフォルト),Perceptionが大幅に増加する
05:36,レベル50以上,20H,アークトス・ファーマ生態群研究所,スーパーミュータント,毒雲(ダブル),クローク能力があり、倒されると毒性ハザードを残す,鋭い視線(デフォルト),Perceptionが大幅に増加する
05:38,レベル50以上,20H,アークトス・ファーマ生態群研究所,スーパーミュータント,毒雲(ダブル),クローク能力があり、倒されると毒性ハザードを残す,鋭い視線(デフォルト),Perceptionが大幅に増加する
05:40,レベル50以上,20H,アークトス・ファーマ生態群研究所,スーパーミュータント,毒雲(ダブル),クローク能力があり、倒されると毒性ハザードを残す,鋭い視線(デフォルト),Perceptionが大幅に増加する
05:42,レベル50以上,20H,アークトス・ファーマ生態群研究所,スーパーミュータント,毒雲(ダブル),クローク能力があり、倒されると毒性ハザードを残す,鋭い視線(デフォルト),Perceptionが大幅に増加する
05:44,レベル50以上,20H,アークトス・ファーマ生態群研究所,スーパーミュータント,毒雲(ダブル),クローク能力があり、倒されると毒性ハザードを残す,鋭い視線(デフォルト),Perceptionが大幅に増加する
05:46,レベル50以上,20H,アークトス・ファーマ生態群研究所,スーパーミュータント,毒雲(ダブル),クローク能力があり、倒されると毒性ハザードを残す,鋭い視線(デフォルト),Perceptionが大幅に増加する
05:48,レベル50以上,20H,アークトス・ファーマ生態群研究所,スーパーミュータント,毒雲(ダブル),クローク能力があり、倒されると毒性ハザードを残す,鋭い視線(デフォルト),Perceptionが大幅に増加する
05:50,レベル50以上,20H,アークトス・ファーマ生態群研究所,スーパーミュータント,毒雲(ダブル),クローク能力があり、倒されると毒性ハザードを残す,鋭い視線(デフォルト),Perceptionが大幅に増加する
05:52,レベル50以上,20H,アークトス・ファーマ生態群研究所,スーパーミュータント,毒雲(ダブル),クローク能力があり、倒されると毒性ハザードを残す,鋭い視線(デフォルト),Perceptionが大幅に増加する
05:54,レベル50以上,20H,アークトス・ファーマ生態群研究所,スーパーミュータント,毒雲(ダブル),クローク能力があり、倒されると毒性ハザードを残す,鋭い視線(デフォルト),Perceptionが大幅に増加する
05:56,レベル50以上,20H,アークトス・ファーマ生態群研究所,スーパーミュータント,毒雲(ダブル),クローク能力があり、倒されると毒性ハザードを残す,鋭い視線(デフォルト),Perceptionが大幅に増加する
05:58,レベル50以上,20H,アークトス・ファーマ生態群研究所,スーパーミュータント,毒雲(ダブル),クローク能力があり、倒されると毒性ハザードを残す,鋭い視線(デフォルト),Perceptionが大幅に増加する
06:00,レベル50以上,20H,アークトス・ファーマ生態群研究所,スーパーミュータント,毒雲(ダブル),クローク能力があり、倒されると毒性ハザードを残す,鋭い視線(デフォルト),Perceptionが大幅に増加する
06:02,レベル50以上,20H,アークトス・ファーマ生態群研究所,スーパーミュータント,毒雲(ダブル),クローク能力があり、倒されると毒性ハザードを残す,鋭い視線(デフォルト),Perceptionが大幅に増加する
06:04,レベル50以上,20H,アークトス・ファーマ生態群研究所,スーパーミュータント,毒雲(ダブル),クローク能力があり、倒されると毒性ハザードを残す,鋭い視線(デフォルト),Perceptionが大幅に増加する
06:06,レベル50以上,20H,アークトス・ファーマ生態群研究所,スーパーミュータント,毒雲(ダブル),クローク能力があり、倒されると毒性ハザードを残す,鋭い視線(デフォルト),Perceptionが大幅に増加する
06:08,レベル50以上,20H,アークトス・ファーマ生態群研究所,スーパーミュータント,毒雲(ダブル),クローク能力があり、倒されると毒性ハザードを残す,鋭い視線(デフォルト),Perceptionが大幅に増加する
06:10,レベル50以上,20H,アークトス・ファーマ生態群研究所,スーパーミュータント,毒雲(ダブル),クローク能力があり、倒されると毒性ハザードを残す,鋭い視線(デフォルト),Perceptionが大幅に増加する
06:12,レベル50以上,20H,アークトス・ファーマ生態群研究所,スーパーミュータント,毒雲(ダブル),クローク能力があり、倒されると毒性ハザードを残す,鋭い視線(デフォルト),Perceptionが大幅に増加する
06:14,レベル50以上,20H,アークトス・ファーマ生態群研究所,スーパーミュータント,毒雲(ダブル),クローク能力があり、倒されると毒性ハザードを残す,鋭い視線(デフォルト),Perceptionが大幅に増加する
06:16,レベル50以上,20H,アークトス・ファーマ生態群研究所,スーパーミュータント,毒雲(ダブル),クローク能力があり、倒されると毒性ハザードを残す,鋭い視線(デフォルト),Perceptionが大幅に増加する
06:18,レベル50以上,20H,アークトス・ファーマ生態群研究所,スーパーミュータント,毒雲(ダブル),クローク能力があり、倒されると毒性ハザードを残す,鋭い視線(デフォルト),Perceptionが大幅に増加する
06:20,レベル50以上,20H,アークトス・ファーマ生態群研究所,スーパーミュータント,毒雲(ダブル),クローク能力があり、倒されると毒性ハザードを残す,鋭い視線(デフォルト),Perceptionが大幅に増加する
06:22,レベル50以上,20H,アークトス・ファーマ生態群研究所,スーパーミュータント,毒雲(ダブル),クローク能力があり、倒されると毒性ハザードを残す,鋭い視線(デフォルト),Perceptionが大幅に増加する
06:24,レベル50以上,20H,アークトス・ファーマ生態群研究所,スーパーミュータント,毒雲(ダブル),クローク能力があり、倒されると毒性ハザードを残す,鋭い視線(デフォルト),Perceptionが大幅に増加する
06:26,レベル50以上,20H,アークトス・ファーマ生態群研究所,スーパーミュータント,毒雲(ダブル),クローク能力があり、倒されると毒性ハザードを残す,鋭い視線(デフォルト),Perceptionが大幅に増加する
06:28,レベル50以上,20H,アークトス・ファーマ生態群研究所,スーパーミュータント,毒雲(ダブル),クローク能力があり、倒されると毒性ハザードを残す,鋭い視線(デフォルト),Perceptionが大幅に増加する
06:30,レベル50以上,20H,アークトス・ファーマ生態群研究所,スーパーミュータント,毒雲(ダブル),クローク能力があり、倒されると毒性ハザードを残す,鋭い視線(デフォルト),Perceptionが大幅に増加する
06:32,レベル50以上,20H,アークトス・ファーマ生態群研究所,スーパーミュータント,毒雲(ダブル),クローク能力があり、倒されると毒性ハザードを残す,鋭い視線(デフォルト),Perceptionが大幅に増加する
06:34,レベル50以上,20H,アークトス・ファーマ生態群研究所,スーパーミュータント,毒雲(ダブル),クローク能力があり、倒されると毒性ハザードを残す,鋭い視線(デフォルト),Perceptionが大幅に増加する
06:36,レベル50以上,20H,アークトス・ファーマ生態群研究所,スーパーミュータント,毒雲(ダブル),クローク能力があり、倒されると毒性ハザードを残す,鋭い視線(デフォルト),Perceptionが大幅に増加する
06:38,レベル50以上,20H,アークトス・ファーマ生態群研究所,スーパーミュータント,毒雲(ダブル),クローク能力があり、倒されると毒性ハザードを残す,鋭い視線(デフォルト),Perceptionが大幅に増加する
06:40,レベル50以上,20H,アークトス・ファーマ生態群研究所,スーパーミュータント,毒雲(ダブル),クローク能力があり、倒されると毒性ハザードを残す,鋭い視線(デフォルト),Perceptionが大幅に増加する
06:42,レベル50以上,20H,アークトス・ファーマ生態群研究所,スーパーミュータント,毒雲(ダブル),クローク能力があり、倒されると毒性ハザードを残す,鋭い視線(デフォルト),Perceptionが大幅に増加する
06:44,レベル50以上,20H,アークトス・ファーマ生態群研究所,スーパーミュータント,毒雲(ダブル),クローク能力があり、倒されると毒性ハザードを残す,鋭い視線(デフォルト),Perceptionが大幅に増加する
06:46,レベル50以上,20H,アークトス・ファーマ生態群研究所,スーパーミュータント,毒雲(ダブル),クローク能力があり、倒されると毒性ハザードを残す,鋭い視線(デフォルト),Perceptionが大幅に増加する
06:48,レベル50以上,20H,アークトス・ファーマ生態群研究所,スーパーミュータント,毒雲(ダブル),クローク能力があり、倒されると毒性ハザードを残す,鋭い視線(デフォルト),Perceptionが大幅に増加する
06:50,レベル50以上,20H,アークトス・ファーマ生態群研究所,スーパーミュータント,毒雲(ダブル),クローク能力があり、倒されると毒性ハザードを残す,鋭い視線(デフォルト),Perceptionが大幅に増加する
06:52,レベル50以上,20H,アークトス・ファーマ生態群研究所,スーパーミュータント,毒雲(ダブル),クローク能力があり、倒されると毒性ハザードを残す,鋭い視線(デフォルト),Perceptionが大幅に増加する
06:54,レベル50以上,20H,アークトス・ファーマ生態群研究所,スーパーミュータント,毒雲(ダブル),クローク能力があり、倒されると毒性ハザードを残す,鋭い視線(デフォルト),Perceptionが大幅に増加する
06:56,レベル50以上,20H,アークトス・ファーマ生態群研究所,スーパーミュータント,毒雲(ダブル),クローク能力があり、倒されると毒性ハザードを残す,鋭い視線(デフォルト),Perceptionが大幅に増加する
06:58,レベル50以上,20H,アークトス・ファーマ生態群研究所,スーパーミュータント,毒雲(ダブル),クローク能力があり、倒されると毒性ハザードを残す,鋭い視線(デフォルト),Perceptionが大幅に増加する
07:00,レベル50以上,20H,アークトス・ファーマ生態群研究所,スーパーミュータント,毒雲(ダブル),クローク能力があり、倒されると毒性ハザードを残す,鋭い視線(デフォルト),Perceptionが大幅に増加する
07:02,レベル50以上,20H,アークトス・ファーマ生態群研究所,スーパーミュータント,毒雲(ダブル),クローク能力があり、倒されると毒性ハザードを残す,鋭い視線(デフォルト),Perceptionが大幅に増加する
07:04,レベル50以上,20H,アークトス・ファーマ生態群研究所,スーパーミュータント,毒雲(ダブル),クローク能力があり、倒されると毒性ハザードを残す,鋭い視線(デフォルト),Perceptionが大幅に増加する
07:06,レベル50以上,20H,アークトス・ファーマ生態群研究所,スーパーミュータント,毒雲(ダブル),クローク能力があり、倒されると毒性ハザードを残す,鋭い視線(デフォルト),Perceptionが大幅に増加する
07:08,レベル50以上,20H,アークトス・ファーマ生態群研究所,スーパーミュータント,毒雲(ダブル),クローク能力があり、倒されると毒性ハザードを残す,鋭い視線(デフォルト),Perceptionが大幅に増加する
07:10,レベル50以上,20H,アークトス・ファーマ生態群研究所,スーパーミュータント,毒雲(ダブル),クローク能力があり、倒されると毒性ハザードを残す,鋭い視線(デフォルト),Perceptionが大幅に増加する
07:12,レベル50以上,20H,アークトス・ファーマ生態群研究所,スーパーミュータント,毒雲(ダブル),クローク能力があり、倒されると毒性ハザードを残す,鋭い視線(デフォルト),Perceptionが大幅に増加する
07:14,レベル50以上,20H,アークトス・ファーマ生態群研究所,スーパーミュータント,毒雲(ダブル),クローク能力があり、倒されると毒性ハザードを残す,鋭い視線(デフォルト),Perceptionが大幅に増加する
07:16,レベル50以上,20H,アークトス・ファーマ生態群研究所,スーパーミュータント,毒雲(ダブル),クローク能力があり、倒されると毒性ハザードを残す,鋭い視線(デフォルト),Perceptionが大幅に増加する
07:18,レベル50以上,20H,アークトス・ファーマ生態群研究所,スーパーミュータント,毒雲(ダブル),クローク能力があり、倒されると毒性ハザードを残す,鋭い視線(デフォルト),Perceptionが大幅に増加する
07:20,レベル50以上,20H,アークトス・ファーマ生態群研究所,スーパーミュータント,毒雲(ダブル),クローク能力があり、倒されると毒性ハザードを残す,鋭い視線(デフォルト),Perceptionが大幅に増加する
07:22,レベル50以上,20H,アークトス・ファーマ生態群研究所,スーパーミュータント,毒雲(ダブル),クローク能力があり、倒されると毒性ハザードを残す,鋭い視線(デフォルト),Perceptionが大幅に増加する
07:24,レベル50以上,20H,アークトス・ファーマ生態群研究所,スーパーミュータント,毒雲(ダブル),クローク能力があり、倒されると毒性ハザードを残す,鋭い視線(デフォルト),Perceptionが大幅に増加する
07:26,レベル50以上,20H,アークトス・ファーマ生態群研究所,スーパーミュータント,毒雲(ダブル),クローク能力があり、倒されると毒性ハザードを残す,鋭い視線(デフォルト),Perceptionが大幅に増加する
07:28,レベル50以上,20H,アークトス・ファーマ生態群研究所,スーパーミュータント,毒雲(ダブル),クローク能力があり、倒されると毒性ハザードを残す,鋭い視線(デフォルト),Perceptionが大幅に増加する
07:30,レベル50以上,20H,アークトス・ファーマ生態群研究所,スーパーミュータント,毒雲(ダブル),クローク能力があり、倒されると毒性ハザードを残す,鋭い視線(デフォルト),Perceptionが大幅に増加する
07:32,レベル50以上,20H,アークトス・ファーマ生態群研究所,スーパーミュータント,毒雲(ダブル),クローク能力があり、倒されると毒性ハザードを残す,鋭い視線(デフォルト),Perceptionが大幅に増加する
07:34,レベル50以上,20H,アークトス・ファーマ生態群研究所,スーパーミュータント,毒雲(ダブル),クローク能力があり、倒されると毒性ハザードを残す,鋭い視線(デフォルト),Perceptionが大幅に増加する
07:36,レベル50以上,20H,アークトス・ファーマ生態群研究所,スーパーミュータント,毒雲(ダブル),クローク能力があり、倒されると毒性ハザードを残す,鋭い視線(デフォルト),Perceptionが大幅に増加する
07:38,レベル50以上,20H,アークトス・ファーマ生態群研究所,スーパーミュータント,毒雲(ダブル),クローク能力があり、倒されると毒性ハザードを残す,鋭い視線(デフォルト),Perceptionが大幅に増加する
07:40,レベル50以上,20H,アークトス・ファーマ生態群研究所,スーパーミュータント,毒雲(ダブル),クローク能力があり、倒されると毒性ハザードを残す,鋭い視線(デフォルト),Perceptionが大幅に増加する
07:42,レベル50以上,20H,アークトス・ファーマ生態群研究所,スーパーミュータント,毒雲(ダブル),クローク能力があり、倒されると毒性ハザードを残す,鋭い視線(デフォルト),Perceptionが大幅に増加する
07:44,レベル50以上,20H,アークトス・ファーマ生態群研究所,スーパーミュータント,毒雲(ダブル),クローク能力があり、倒されると毒性ハザードを残す,鋭い視線(デフォルト),Perceptionが大幅に増加する
07:46,レベル50以上,20H,アークトス・ファーマ生態群研究所,スーパーミュータント,毒雲(ダブル),クローク能力があり、倒されると毒性ハザードを残す,鋭い視線(デフォルト),Perceptionが大幅に増加する
07:48,レベル50以上,20H,アークトス・ファーマ生態群研究所,スーパーミュータント,毒雲(ダブル),クローク能力があり、倒されると毒性ハザードを残す,鋭い視線(デフォルト),Perceptionが大幅に増加する
07:50,レベル50以上,20H,アークトス・ファーマ生態群研究所,スーパーミュータント,毒雲(ダブル),クローク能力があり、倒されると毒性ハザードを残す,鋭い視線(デフォルト),Perceptionが大幅に増加する
07:52,レベル50以上,20H,アークトス・ファーマ生態群研究所,スーパーミュータント,毒雲(ダブル),クローク能力があり、倒されると毒性ハザードを残す,鋭い視線(デフォルト),Perceptionが大幅に増加する
07:54,レベル50以上,20H,アークトス・ファーマ生態群研究所,スーパーミュータント,毒雲(ダブル),クローク能力があり、倒されると毒性ハザードを残す,鋭い視線(デフォルト),Perceptionが大幅に増加する
07:56,レベル50以上,20H,アークトス・ファーマ生態群研究所,スーパーミュータント,毒雲(ダブル),クローク能力があり、倒されると毒性ハザードを残す,鋭い視線(デフォルト),Perceptionが大幅に増加する
07:58,レベル50以上,20H,アークトス・ファーマ生態群研究所,スーパーミュータント,毒雲(ダブル),クローク能力があり、倒されると毒性ハザードを残す,鋭い視線(デフォルト),Perceptionが大幅に増加する
08:00,レベル50以上,20H,アークトス・ファーマ生態群研究所,スーパーミュータント,毒雲(ダブル),クローク能力があり、倒されると毒性ハザードを残す,鋭い視線(デフォルト),Perceptionが大幅に増加する
08:02,レベル50以上,20H,アークトス・ファーマ生態群研究所,スーパーミュータント,毒雲(ダブル),クローク能力があり、倒されると毒性ハザードを残す,鋭い視線(デフォルト),Perceptionが大幅に増加する
08:04,レベル50以上,20H,アークトス・ファーマ生態群研究所,スーパーミュータント,毒雲(ダブル),クローク能力があり、倒されると毒性ハザードを残す,鋭い視線(デフォルト),Perceptionが大幅に増加する
08:06,レベル50以上,20H,アークトス・ファーマ生態群研究所,スーパーミュータント,毒雲(ダブル),クローク能力があり、倒されると毒性ハザードを残す,鋭い視線(デフォルト),Perceptionが大幅に増加する
08:08,レベル50以上,20H,アークトス・ファーマ生態群研究所,スーパーミュータント,毒雲(ダブル),クローク能力があり、倒されると毒性ハザードを残す,鋭い視線(デフォルト),Perceptionが大幅に増加する
08:10,レベル50以上,20H,アークトス・ファーマ生態群研究所,スーパーミュータント,毒雲(ダブル),クローク能力があり、倒されると毒性ハザードを残す,鋭い視線(デフォルト),Perceptionが大幅に増加する
08:12,レベル50以上,20H,アークトス・ファーマ生態群研究所,スーパーミュータント,毒雲(ダブル),クローク能力があり、倒されると毒性ハザードを残す,鋭い視線(デフォルト),Perceptionが大幅に増加する
08:14,レベル50以上,20H,アークトス・ファーマ生態群研究所,スーパーミュータント,毒雲(ダブル),クローク能力があり、倒されると毒性ハザードを残す,鋭い視線(デフォルト),Perceptionが大幅に増加する
08:16,レベル50以上,20H,アークトス・ファーマ生態群研究所,スーパーミュータント,毒雲(ダブル),クローク能力があり、倒されると毒性ハザードを残す,鋭い視線(デフォルト),Perceptionが大幅に増加する
08:18,レベル50以上,20H,アークトス・ファーマ生態群研究所,スーパーミュータント,毒雲(ダブル),クローク能力があり、倒されると毒性ハザードを残す,鋭い視線(デフォルト),Perceptionが大幅に増加する
08:20,レベル50以上,20H,アークトス・ファーマ生態群研究所,スーパーミュータント,毒雲(ダブル),クローク能力があり、倒されると毒性ハザードを残す,鋭い視線(デフォルト),Perceptionが大幅に増加する
08:22,レベル50以上,20H,アークトス・ファーマ生態群研究所,スーパーミュータント,毒雲(ダブル),クローク能力があり、倒されると毒性ハザードを残す,鋭い視線(デフォルト),Perceptionが大幅に増加する
08:24,レベル50以上,20H,アークトス・ファーマ生態群研究所,スーパーミュータント,毒雲(ダブル),クローク能力があり、倒されると毒性ハザードを残す,鋭い視線(デフォルト),Perceptionが大幅に増加する
08:26,レベル50以上,20H,アークトス・ファーマ生態群研究所,スーパーミュータント,毒雲(ダブル),クローク能力があり、倒されると毒性ハザードを残す,鋭い視線(デフォルト),Perceptionが大幅に増加する
08:28,レベル50以上,20H,アークトス・ファーマ生態群研究所,スーパーミュータント,毒雲(ダブル),クローク能力があり、倒されると毒性ハザードを残す,鋭い視線(デフォルト),Perceptionが大幅に増加する
08:30,レベル50以上,20H,アークトス・ファーマ生態群研究所,スーパーミュータント,毒雲(ダブル),クローク能力があり、倒されると毒性ハザードを残す,鋭い視線(デフォルト),Perceptionが大幅に増加する
08:32,レベル50以上,20H,アークトス・ファーマ生態群研究所,スーパーミュータント,毒雲(ダブル),クローク能力があり、倒されると毒性ハザードを残す,鋭い視線(デフォルト),Perceptionが大幅に増加する
08:34,レベル50以上,20H,アークトス・ファーマ生態群研究所,スーパーミュータント,毒雲(ダブル),クローク能力があり、倒されると毒性ハザードを残す,鋭い視線(デフォルト),Perceptionが大幅に増加する
08:36,レベル50以上,20H,アークトス・ファーマ生態群研究所,スーパーミュータント,毒雲(ダブル),クローク能力があり、倒されると毒性ハザードを残す,鋭い視線(デフォルト),Perceptionが大幅に増加する
08:38,レベル50以上,20H,アークトス・ファーマ生態群研究所,スーパーミュータント,毒雲(ダブル),クローク能力があり、倒されると毒性ハザードを残す,鋭い視線(デフォルト),Perceptionが大幅に増加する
08:40,レベル50以上,20H,アークトス・ファーマ生態群研究所,スーパーミュータント,毒雲(ダブル),クローク能力があり、倒されると毒性ハザードを残す,鋭い視線(デフォルト),Perceptionが大幅に増加する
08:42,レベル50以上,20H,アークトス・ファーマ生態群研究所,スーパーミュータント,毒雲(ダブル),クローク能力があり、倒されると毒性ハザードを残す,鋭い視線(デフォルト),Perceptionが大幅に増加する
08:44,レベル50以上,20H,アークトス・ファーマ生態群研究所,スーパーミュータント,毒雲(ダブル),クローク能力があり、倒されると毒性ハザードを残す,鋭い視線(デフォルト),Perceptionが大幅に増加する
08:46,レベル50以上,20H,アークトス・ファーマ生態群研究所,スーパーミュータント,毒雲(ダブル),クローク能力があり、倒されると毒性ハザードを残す,鋭い視線(デフォルト),Perceptionが大幅に増加する
08:48,レベル50以上,20H,アークトス・ファーマ生態群研究所,スーパーミュータント,毒雲(ダブル),クローク能力があり、倒されると毒性ハザードを残す,鋭い視線(デフォルト),Perceptionが大幅に増加する
08:50,レベル50以上,20H,アークトス・ファーマ生態群研究所,スーパーミュータント,毒雲(ダブル),クローク能力があり、倒されると毒性ハザードを残す,鋭い視線(デフォルト),Perceptionが大幅に増加する
08:52,レベル50以上,20H,アークトス・ファーマ生態群研究所,スーパーミュータント,毒雲(ダブル),クローク能力があり、倒されると毒性ハザードを残す,鋭い視線(デフォルト),Perceptionが大幅に増加する
08:54,レベル50以上,20H,アークトス・ファーマ生態群研究所,スーパーミュータント,毒雲(ダブル),クローク能力があり、倒されると毒性ハザードを残す,鋭い視線(デフォルト),Perceptionが大幅に増加する
08:56,レベル50以上,20H,アークトス・ファーマ生態群研究所,スーパーミュータント,毒雲(ダブル),クローク能力があり、倒されると毒性ハザードを残す,鋭い視線(デフォルト),Perceptionが大幅に増加する
08:58,レベル50以上,20H,アークトス・ファーマ生態群研究所,スーパーミュータント,毒雲(ダブル),クローク能力があり、倒されると毒性ハザードを残す,鋭い視線(デフォルト),Perceptionが大幅に増加する
09:00,レベル50以上,20H,アークトス・ファーマ生態群研究所,スーパーミュータント,毒雲(ダブル),クローク能力があり、倒されると毒性ハザードを残す,鋭い視線(デフォルト),Perceptionが大幅に増加する
09:02,レベル50以上,20H,アークトス・ファーマ生態群研究所,スーパーミュータント,毒雲(ダブル),クローク能力があり、倒されると毒性ハザードを残す,鋭い視線(デフォルト),Perceptionが大幅に増加する
09:04,レベル50以上,20H,アークトス・ファーマ生態群研究所,スーパーミュータント,毒雲(ダブル),クローク能力があり、倒されると毒性ハザードを残す,鋭い視線(デフォルト),Perceptionが大幅に増加する
09:06,レベル50以上,20H,アークトス・ファーマ生態群研究所,スーパーミュータント,毒雲(ダブル),クローク能力があり、倒されると毒性ハザードを残す,鋭い視線(デフォルト),Perceptionが大幅に増加する
09:08,レベル50以上,20H,アークトス・ファーマ生態群研究所,スーパーミュータント,毒雲(ダブル),クローク能力があり、倒されると毒性ハザードを残す,鋭い視線(デフォルト),Perceptionが大幅に増加する
09:10,レベル50以上,20H,アークトス・ファーマ生態群研究所,スーパーミュータント,毒雲(ダブル),クローク能力があり、倒されると毒性ハザードを残す,鋭い視線(デフォルト),Perceptionが大幅に増加する
09:12,レベル50以上,20H,アークトス・ファーマ生態群研究所,スーパーミュータント,毒雲(ダブル),クローク能力があり、倒されると毒性ハザードを残す,鋭い視線(デフォルト),Perceptionが大幅に増加する
09:14,レベル50以上,20H,アークトス・ファーマ生態群研究所,スーパーミュータント,毒雲(ダブル),クローク能力があり、倒されると毒性ハザードを残す,鋭い視線(デフォルト),Perceptionが大幅に増加する
09:16,レベル50以上,20H,アークトス・ファーマ生態群研究所,スーパーミュータント,毒雲(ダブル),クローク能力があり、倒されると毒性ハザードを残す,鋭い視線(デフォルト),Perceptionが大幅に増加する
09:18,レベル50以上,20H,アークトス・ファーマ生態群研究所,スーパーミュータント,毒雲(ダブル),クローク能力があり、倒されると毒性ハザードを残す,鋭い視線(デフォルト),Perceptionが大幅に増加する
09:20,レベル50以上,20H,アークトス・ファーマ生態群研究所,スーパーミュータント,毒雲(ダブル),クローク能力があり、倒されると毒性ハザードを残す,鋭い視線(デフォルト),Perceptionが大幅に増加する
09:22,レベル50以上,20H,アークトス・ファーマ生態群研究所,スーパーミュータント,毒雲(ダブル),クローク能力があり、倒されると毒性ハザードを残す,鋭い視線(デフォルト),Perceptionが大幅に増加する
09:24,レベル50以上,20H,アークトス・ファーマ生態群研究所,スーパーミュータント,毒雲(ダブル),クローク能力があり、倒されると毒性ハザードを残す,鋭い視線(デフォルト),Perceptionが大幅に増加する
09:26,レベル50以上,20H,アークトス・ファーマ生態群研究所,スーパーミュータント,毒雲(ダブル),クローク能力があり、倒されると毒性ハザードを残す,鋭い視線(デフォルト),Perceptionが大幅に増加する
09:28,レベル50以上,20H,アークトス・ファーマ生態群研究所,スーパーミュータント,毒雲(ダブル),クローク能力があり、倒されると毒性ハザードを残す,鋭い視線(デフォルト),Perceptionが大幅に増加する
09:30,レベル50以上,20H,アークトス・ファーマ生態群研究所,スーパーミュータント,毒雲(ダブル),クローク能力があり、倒されると毒性ハザードを残す,鋭い視線(デフォルト),Perceptionが大幅に増加する
09:32,レベル50以上,20H,アークトス・ファーマ生態群研究所,スーパーミュータント,毒雲(ダブル),クローク能力があり、倒されると毒性ハザードを残す,鋭い視線(デフォルト),Perceptionが大幅に増加する
09:34,レベル50以上,20H,アークトス・ファーマ生態群研究所,スーパーミュータント,毒雲(ダブル),クローク能力があり、倒されると毒性ハザードを残す,鋭い視線(デフォルト),Perceptionが大幅に増加する
09:36,レベル50以上,20H,アークトス・ファーマ生態群研究所,スーパーミュータント,毒雲(ダブル),クローク能力があり、倒されると毒性ハザードを残す,鋭い視線(デフォルト),Perceptionが大幅に増加する
09:38,レベル50以上,20H,アークトス・ファーマ生態群研究所,スーパーミュータント,毒雲(ダブル),クローク能力があり、倒されると毒性ハザードを残す,鋭い視線(デフォルト),Perceptionが大幅に増加する
09:40,レベル50以上,20H,アークトス・ファーマ生態群研究所,スーパーミュータント,毒雲(ダブル),クローク能力があり、倒されると毒性ハザードを残す,鋭い視線(デフォルト),Perceptionが大幅に増加する
09:42,レベル50以上,20H,アークトス・ファーマ生態群研究所,スーパーミュータント,毒雲(ダブル),クローク能力があり、倒されると毒性ハザードを残す,鋭い視線(デフォルト),Perceptionが大幅に増加する
09:44,レベル50以上,20H,アークトス・ファーマ生態群研究所,スーパーミュータント,毒雲(ダブル),クローク能力があり、倒されると毒性ハザードを残す,鋭い視線(デフォルト),Perceptionが大幅に増加する
09:46,レベル50以上,20H,アークトス・ファーマ生態群研究所,スーパーミュータント,毒雲(ダブル),クローク能力があり、倒されると毒性ハザードを残す,鋭い視線(デフォルト),Perceptionが大幅に増加する
09:48,レベル50以上,20H,アークトス・ファーマ生態群研究所,スーパーミュータント,毒雲(ダブル),クローク能力があり、倒されると毒性ハザードを残す,鋭い視線(デフォルト),Perceptionが大幅に増加する
09:50,レベル50以上,20H,アークトス・ファーマ生態群研究所,スーパーミュータント,毒雲(ダブル),クローク能力があり、倒されると毒性ハザードを残す,鋭い視線(デフォルト),Perceptionが大幅に増加する
09:52,レベル50以上,20H,アークトス・ファーマ生態群研究所,スーパーミュータント,毒雲(ダブル),クローク能力があり、倒されると毒性ハザードを残す,鋭い視線(デフォルト),Perceptionが大幅に増加する
09:54,レベル50以上,20H,アークトス・ファーマ生態群研究所,スーパーミュータント,毒雲(ダブル),クローク能力があり、倒されると毒性ハザードを残す,鋭い視線(デフォルト),Perceptionが大幅に増加する
09:56,レベル50以上,20H,アークトス・ファーマ生態群研究所,スーパーミュータント,毒雲(ダブル),クローク能力があり、倒されると毒性ハザードを残す,鋭い視線(デフォルト),Perceptionが大幅に増加する
09:58,レベル50以上,20H,アークトス・ファーマ生態群研究所,スーパーミュータント,毒雲(ダブル),クローク能力があり、倒されると毒性ハザードを残す,鋭い視線(デフォルト),Perceptionが大幅に増加する
10:00,レベル50以上,20H,アークトス・ファーマ生態群研究所,スーパーミュータント,毒雲(ダブル),クローク能力があり、倒されると毒性ハザードを残す,鋭い視線(デフォルト),Perceptionが大幅に増加する
